{"module": "keras", "class_name": "Sequential", "config": {"name": "sequential_5", "trainable": true, "dtype": "float32", "layers": [{"module": "keras.layers", "class_name": "InputLayer", "config": {"batch_shape": [null, 224, 224, 3], "dtype": "float32", "sparse": false, "name": "input_layer_5"}, "registered_name": null}, {"module": "keras.layers", "class_name": "Conv2D", "config": {"name": "conv2d_16", "trainable": true, "dtype": "float32", "filters": 32, "kernel_size": [3, 3], "strides": [1, 1], "padding": "valid", "data_format": "channels_last", "dilation_rate": [1, 1], "groups": 1, "activation": "relu", "use_bias": true, "kernel_initializer": {"module": "keras.initializers", "class_name": "GlorotUniform", "config": {"seed": null}, "registered_name": null}, "bias_initializer": {"module": "keras.initializers", "class_name": "Zeros", "config": {}, "registered_name": null}, "kernel_regularizer": null, "bias_regularizer": null, "activity_regularizer": null, "kernel_constraint": null, "bias_constraint": null}, "registered_name": null, "build_config": {"input_shape": [null, 224, 224, 3]}}, {"module": "keras.layers", "class_name": "MaxPooling2D", "config": {"name": "max_pooling2d_7", "trainable": true, "dtype": "float32", "pool_size": [2, 2], "padding": "valid", "strides": [2, 2], "data_format": "channels_last"}, "registered_name": null, "build_config": {"input_shape": [null, 222, 222, 32]}}, {"module": "keras.layers", "class_name": "Conv2D", "config": {"name": "conv2d_17", "trainable": true, "dtype": "float32", "filters": 64, "kernel_size": [3, 3], "strides": [1, 1], "padding": "valid", "data_format": "channels_last", "dilation_rate": [1, 1], "groups": 1, "activation": "relu", "use_bias": true, "kernel_initializer": {"module": "keras.initializers", "class_name": "GlorotUniform", "config": {"seed": null}, "registered_name": null}, "bias_initializer": {"module": "keras.initializers", "class_name": "Zeros", "config": {}, "registered_name": null}, "kernel_regularizer": null, "bias_regularizer": null, "activity_regularizer": null, "kernel_constraint": null, "bias_constraint": null}, "registered_name": null, "build_config": {"input_shape": [null, 111, 111, 32]}}, {"module": "keras.layers", "class_name": "Conv2D", "config": {"name": "conv2d_18", "trainable": true, "dtype": "float32", "filters": 32, "kernel_size": [3, 3], "strides": [1, 1], "padding": "valid", "data_format": "channels_last", "dilation_rate": [1, 1], "groups": 1, "activation": "relu", "use_bias": true, "kernel_initializer": {"module": "keras.initializers", "class_name": "GlorotUniform", "config": {"seed": null}, "registered_name": null}, "bias_initializer": {"module": "keras.initializers", "class_name": "Zeros", "config": {}, "registered_name": null}, "kernel_regularizer": null, "bias_regularizer": null, "activity_regularizer": null, "kernel_constraint": null, "bias_constraint": null}, "registered_name": null, "build_config": {"input_shape": [null, 109, 109, 64]}}, {"module": "keras.layers", "class_name": "MaxPooling2D", "config": {"name": "max_pooling2d_8", "trainable": true, "dtype": "float32", "pool_size": [2, 2], "padding": "valid", "strides": [2, 2], "data_format": "channels_last"}, "registered_name": null, "build_config": {"input_shape": [null, 107, 107, 32]}}, {"module": "keras.layers", "class_name": "Flatten", "config": {"name": "flatten_3", "trainable": true, "dtype": "float32", "data_format": "channels_last"}, "registered_name": null, "build_config": {"input_shape": [null, 53, 53, 32]}}, {"module": "keras.layers", "class_name": "Dense", "config": {"name": "dense_5", "trainable": true, "dtype": "float32", "units": 32, "activation": "relu", "use_bias": true, "kernel_initializer": {"module": "keras.initializers", "class_name": "GlorotUniform", "config": {"seed": null}, "registered_name": null}, "bias_initializer": {"module": "keras.initializers", "class_name": "Zeros", "config": {}, "registered_name": null}, "kernel_regularizer": null, "bias_regularizer": null, "kernel_constraint": null, "bias_constraint": null}, "registered_name": null, "build_config": {"input_shape": [null, 89888]}}, {"module": "keras.layers", "class_name": "Dense", "config": {"name": "dense_6", "trainable": true, "dtype": "float32", "units": 5, "activation": "softmax", "use_bias": true, "kernel_initializer": {"module": "keras.initializers", "class_name": "GlorotUniform", "config": {"seed": null}, "registered_name": null}, "bias_initializer": {"module": "keras.initializers", "class_name": "Zeros", "config": {}, "registered_name": null}, "kernel_regularizer": null, "bias_regularizer": null, "kernel_constraint": null, "bias_constraint": null}, "registered_name": null, "build_config": {"input_shape": [null, 32]}}], "build_input_shape": [null, 224, 224, 3]}, "registered_name": null, "build_config": {"input_shape": [null, 224, 224, 3]}, "compile_config": {"optimizer": {"module": "keras.optimizers", "class_name": "SGD", "config": {"name": "SGD", "learning_rate": 0.009999999776482582, "weight_decay": null, "clipnorm": null, "global_clipnorm": null, "clipvalue": null, "use_ema": false, "ema_momentum": 0.99, "ema_overwrite_frequency": null, "loss_scale_factor": null, "gradient_accumulation_steps": null, "momentum": 0.0, "nesterov": false}, "registered_name": null}, "loss": {"module": "builtins", "class_name": "function", "config": "categorical_crossentropy", "registered_name": "function"}, "loss_weights": null, "metrics": ["accuracy"], "weighted_metrics": null, "run_eagerly": false, "steps_per_execution": 1, "jit_compile": false}}